{
  "1": [
    0.044328,
    0.128721,
    0.226754,
    0.316688,
    0.40236,
    0.476524
  ],
  "2": [
    0.039113,
    0.113577,
    0.200076,
    0.27943,
    0.355023,
    0.420461
  ],
  "3": [
    0.045096,
    0.130951,
    0.230682,
    0.322175,
    0.409331,
    0.48478
  ],
  "4": [
    0.042648,
    0.123843,
    0.21816,
    0.304686,
    0.387111,
    0.458465
  ],
  "5": [
    0.044714,
    0.129842,
    0.228728,
    0.319446,
    0.405864,
    0.480673
  ],
  "6": [
    0.049342,
    0.143281,
    0.252402,
    0.352509,
    0.447871,
    0.530424
  ],
  "7": [
    0.048003,
    0.139393,
    0.245553,
    0.342944,
    0.435719,
    0.516032
  ],
  "8": [
    0.04338,
    0.12597,
    0.221907,
    0.309919,
    0.393759,
    0.466338
  ],
  "9": [
    0.048886,
    0.141958,
    0.250072,
    0.349255,
    0.443737,
    0.525528
  ],
  "10": [
    0.045316,
    0.13159,
    0.231808,
    0.323746,
    0.411328,
    0.487145
  ],
  "11": [
    0.051943,
    0.150835,
    0.26571,
    0.371095,
    0.471485,
    0.558391
  ],
  "12": [
    0.048609,
    0.141154,
    0.248655,
    0.347275,
    0.441222,
    0.522549
  ],
  "13": [
    0.058651,
    0.170313,
    0.300021,
    0.419014,
    0.532368,
    0.630495
  ],
  "14": [
    0.054123,
    0.157165,
    0.27686,
    0.386668,
    0.491271,
    0.581823
  ],
  "15": [
    0.050663,
    0.147117,
    0.25916,
    0.361947,
    0.459863,
    0.544625
  ],
  "16": [
    0.054166,
    0.157289,
    0.277079,
    0.386973,
    0.491658,
    0.582282
  ],
  "17": [
    0.050668,
    0.147131,
    0.259184,
    0.36198,
    0.459905,
    0.544676
  ],
  "18": [
    0.056057,
    0.16278,
    0.286751,
    0.400482,
    0.508822,
    0.602609
  ],
  "19": [
    0.054582,
    0.158498,
    0.279208,
    0.389946,
    0.495437,
    0.586757
  ],
  "20": [
    0.057962,
    0.168313,
    0.296498,
    0.414093,
    0.526116,
    0.623091
  ],
  "21": [
    0.058841,
    0.170866,
    0.300995,
    0.420375,
    0.534097,
    0.632543
  ],
  "22": [
    0.055712,
    0.16178,
    0.28499,
    0.398022,
    0.505697,
    0.598908
  ],
  "23": [
    0.049971,
    0.145107,
    0.255619,
    0.357002,
    0.45358,
    0.537184
  ],
  "24": [
    0.049016,
    0.142336,
    0.250737,
    0.350184,
    0.444917,
    0.526925
  ],
  "25": [
    0.053892,
    0.156493,
    0.275677,
    0.385015,
    0.489171,
    0.579337
  ],
  "26": [
    0.055669,
    0.161655,
    0.28477,
    0.397714,
    0.505305,
    0.598444
  ],
  "27": [
    0.05649,
    0.164039,
    0.288969,
    0.403579,
    0.512758,
    0.60727
  ],
  "28": [
    0.059112,
    0.171652,
    0.30238,
    0.422309,
    0.536554,
    0.635452
  ],
  "29": [
    0.062585,
    0.181738,
    0.320148,
    0.447124,
    0.568082,
    0.672793
  ],
  "30": [
    0.059769,
    0.173559,
    0.30574,
    0.427002,
    0.542517,
    0.642514
  ],
  "31": [
    0.064818,
    0.18822,
    0.331567,
    0.463072,
    0.588344,
    0.696789
  ],
  "32": [
    0.068534,
    0.199013,
    0.350579,
    0.489624,
    0.62208,
    0.736743
  ],
  "33": [
    0.062633,
    0.181877,
    0.320393,
    0.447466,
    0.568517,
    0.673307
  ],
  "34": [
    0.060568,
    0.17588,
    0.309829,
    0.432712,
    0.549771,
    0.651106
  ],
  "35": [
    0.065008,
    0.188774,
    0.332543,
    0.464435,
    0.590077,
    0.698841
  ],
  "36": [
    0.049121,
    0.142641,
    0.251275,
    0.350935,
    0.445872,
    0.528056
  ],
  "37": [
    0.048234,
    0.140065,
    0.246737,
    0.344596,
    0.437818,
    0.518518
  ],
  "38": [
    0.052431,
    0.152252,
    0.268205,
    0.37458,
    0.475913,
    0.563635
  ],
  "39": [
    0.063245,
    0.183654,
    0.323523,
    0.451838,
    0.574071,
    0.679885
  ],
  "40": [
    0.063567,
    0.184588,
    0.325168,
    0.454135,
    0.576989,
    0.683341
  ],
  "41": [
    0.072589,
    0.210787,
    0.371319,
    0.518591,
    0.658882,
    0.780329
  ],
  "42": [
    0.055366,
    0.160775,
    0.283219,
    0.395549,
    0.502555,
    0.595187
  ],
  "43": [
    0.048427,
    0.140623,
    0.247721,
    0.345971,
    0.439564,
    0.520586
  ],
  "44": [
    0.056533,
    0.164164,
    0.289189,
    0.403886,
    0.513147,
    0.607731
  ],
  "45": [
    0.062487,
    0.181452,
    0.319644,
    0.44642,
    0.567188,
    0.671733
  ],
  "46": [
    0.0565,
    0.164068,
    0.28902,
    0.40365,
    0.512847,
    0.607376
  ],
  "47": [
    0.050576,
    0.146865,
    0.258716,
    0.361326,
    0.459074,
    0.543692
  ],
  "48": [
    0.049121,
    0.142641,
    0.251275,
    0.350935,
    0.445872,
    0.528056
  ]
}
